filename,x,y,z
test\Image_420.jpg,11.708443,5.975971,1.1601356
train\Image_420.jpg,14.487134,3.430255,-2.0715249
test\Image_2562.jpg,12.263655,5.8971086,-0.066879705
test\Image_567.jpg,14.091143,7.0673094,-0.24007307
test\Image_30.jpg,14.086477,7.658654,-0.06549027
train\Image_5494.jpg,14.376655,4.0786247,0.1023976
test\Image_936.jpg,14.032869,4.6231995,0.37396196
train\Image_2787.jpg,11.800838,5.9435964,0.9162168
test\Image_1359.jpg,13.11835,7.864383,-0.7702442
test\Image_1026.jpg,13.587582,7.640502,-0.29055294
test\Image_1879.jpg,11.657336,5.769489,1.409305
train\Image_6431.jpg,12.620964,5.8615403,-0.8769075
test\Image_1461.jpg,12.654685,6.2255697,-0.001951795
train\Image_5549.jpg,10.982776,1.1615934,1.5560079
test\Image_1431.jpg,12.73619,7.514014,-0.882606
train\Image_5077.jpg,11.101128,1.6927917,1.4969692
train\Image_5224.jpg,12.615341,7.4570622,-0.93053746
test\Image_2454.jpg,12.33699,5.0870786,1.4760482
test\Image_2612.jpg,11.626008,5.8805056,-0.38656235
train\Image_5835.jpg,13.259303,4.647267,0.28132588
train\Image_2133.jpg,12.6042,5.9258666,3.0437672
train\Image_3562.jpg,13.53011,6.6807003,0.3262433
test\Image_635.jpg,10.918937,1.6561841,1.3949044
train\Image_311.jpg,11.337888,6.220447,1.7566082
train\Image_5768.jpg,11.723375,6.2819223,1.5561742
train\Image_1912.jpg,11.229085,1.2810472,1.7637236
test\Image_2228.jpg,15.278341,4.7222795,-0.94433534
test\Image_474.jpg,16.59453,3.8814957,0.81288326
test\Image_820.jpg,16.287401,4.2875266,0.6611799
train\Image_3107.jpg,13.858864,7.529819,-0.057153635
train\Image_610.jpg,13.047639,4.894185,2.9852803
train\Image_4709.jpg,11.070083,6.394021,-0.36469758
train\Image_6224.jpg,14.513222,4.800549,-1.0613475
train\Image_4042.jpg,12.798212,7.638742,-0.9585075
train\Image_1859.jpg,12.42927,6.34528,-0.37742844
train\Image_4770.jpg,14.487401,4.740355,-2.02463
train\Image_1437.jpg,13.942909,6.029932,-1.0784314
train\Image_5856.jpg,10.854949,1.1687508,1.2785422
test\Image_413.jpg,16.263317,4.7205787,-0.27722138
train\Image_2329.jpg,13.134245,4.429462,-1.3698434
train\Image_401.jpg,12.47731,6.310852,-1.111299
train\Image_3589.jpg,14.444689,4.017205,-0.11799134
train\Image_4956.jpg,16.771486,4.280355,0.47713372
train\Image_553.jpg,16.493298,4.463123,-0.4485856
train\Image_3382.jpg,14.704141,4.2036624,-0.9172566
train\Image_6069.jpg,14.462994,5.240127,-0.49381357
test\Image_667.jpg,12.238819,6.0008616,0.118795626
test\Image_921.jpg,12.542182,7.297869,-0.99685144
train\Image_2223.jpg,15.675654,5.2099013,0.507821
test\Image_1764.jpg,15.2485285,4.882869,0.070239946
train\Image_6047.jpg,12.256309,6.1413946,0.40578854
test\Image_2393.jpg,11.761868,5.7893534,1.6137818
test\Image_33.jpg,14.266713,7.5820546,-0.41523895
train\Image_2702.jpg,15.049902,3.9003522,-1.113058
test\Image_2720.jpg,10.80303,0.9841132,1.2479028
train\Image_4261.jpg,13.994731,4.588899,0.5732308
train\Image_3830.jpg,15.743556,5.2051287,0.57278335
train\Image_1717.jpg,14.730208,4.11312,-1.4045187
train\Image_3447.jpg,14.813145,4.8944974,-1.4093572
test\Image_1729.jpg,13.935257,4.2189493,-1.8009577
test\Image_2236.jpg,11.198708,6.2940454,1.899606
test\Image_2015.jpg,10.823685,1.4714911,1.3680509
train\Image_3800.jpg,11.872859,4.7781897,0.7893498
test\Image_2595.jpg,12.897246,4.79971,1.4533727
test\Image_661.jpg,14.655916,4.3244634,-2.103488
train\Image_1002.jpg,13.165587,5.04295,0.8769195
test\Image_833.jpg,11.668592,5.385964,0.8219238
test\Image_1367.jpg,12.562386,5.9069953,1.485208
train\Image_4205.jpg,11.384041,0.9244258,1.7421702
test\Image_743.jpg,12.179791,6.536591,-0.29734004
train\Image_1063.jpg,10.741446,1.069514,1.0645177
train\Image_5322.jpg,13.828177,5.1871634,-1.2160314
test\Image_2483.jpg,13.90559,3.8718388,-1.073662
train\Image_2517.jpg,12.009786,6.0660753,1.8214594
test\Image_406.jpg,14.27026,6.172438,-1.4664102
test\Image_841.jpg,14.222622,4.1506386,-1.7213997
test\Image_1354.jpg,11.631254,5.744381,1.0436928
train\Image_1655.jpg,15.066744,3.777638,-0.98274946
train\Image_3220.jpg,13.655979,3.4908576,-0.5584839
train\Image_3609.jpg,14.594371,3.499005,-2.1674147
train\Image_1476.jpg,15.265098,3.529999,0.1940873
train\Image_3481.jpg,12.770855,6.405632,0.063193806
train\Image_6039.jpg,13.971873,4.4118958,-1.4159275
test\Image_112.jpg,10.4635935,1.3517985,0.91472316
train\Image_5721.jpg,13.306671,5.4275517,-0.9791756
train\Image_6155.jpg,13.916752,3.6472485,-0.5282918
train\Image_6023.jpg,14.009837,4.7799177,-0.79446316
train\Image_5735.jpg,11.296903,6.2411065,1.7334071
train\Image_69.jpg,13.9638,4.3889236,-1.6021541
test\Image_397.jpg,12.762119,4.8222365,1.4424593
train\Image_3709.jpg,15.18586,4.1866465,-0.19824547
train\Image_3355.jpg,15.5637665,4.0681877,-0.4082599
test\Image_1289.jpg,10.783751,1.1511666,1.061887
train\Image_4521.jpg,12.561473,6.2284055,-0.4758712
test\Image_79.jpg,12.184273,5.6964006,1.5523826
test\Image_2747.jpg,10.45046,1.685444,0.74720025
train\Image_1170.jpg,11.261224,0.9185363,1.7078929
test\Image_285.jpg,13.101134,4.1011333,-2.4401557
train\Image_2115.jpg,12.864188,6.3863754,-0.026546594
train\Image_4316.jpg,12.780043,5.713414,0.3706491
test\Image_1574.jpg,12.325393,6.146818,1.5139139
train\Image_4592.jpg,13.080496,6.4733415,-0.8783596
train\Image_608.jpg,14.159578,4.968658,-0.86910725
train\Image_227.jpg,12.807724,5.8484454,1.0144199
train\Image_268.jpg,11.739917,4.9615245,0.72385585
test\Image_645.jpg,11.953747,4.770643,0.8335377
train\Image_4292.jpg,14.782708,6.1115427,-0.9205498
train\Image_1809.jpg,13.922622,3.6946664,-1.3252479
test\Image_1408.jpg,11.635758,6.249338,1.5978596
train\Image_616.jpg,12.777969,4.726562,0.23523745
train\Image_407.jpg,15.365138,4.3767114,-0.15733437
train\Image_4711.jpg,14.222089,4.6101227,-1.1337694
test\Image_2487.jpg,16.637274,4.0173364,0.7204796
train\Image_4796.jpg,15.947801,4.8813524,0.24467163
train\Image_4096.jpg,15.455997,4.7086887,-0.34270495
test\Image_1568.jpg,14.477354,4.1707215,0.8962218
train\Image_2250.jpg,15.945665,4.167465,-0.53946
train\Image_129.jpg,13.007034,7.655397,-0.8528268
train\Image_3001.jpg,12.302307,4.996541,0.3629974
train\Image_1659.jpg,12.547813,6.113247,2.9224353
test\Image_1450.jpg,12.924364,5.0233126,3.0735328
test\Image_1084.jpg,12.784219,6.3493247,1.9376339
train\Image_1106.jpg,14.672564,3.509485,-2.0499089
test\Image_557.jpg,14.177185,6.0669117,-1.5985434
train\Image_6351.jpg,12.65003,7.234422,-1.0610312
test\Image_1129.jpg,10.552688,1.6259218,1.0046332
test\Image_1675.jpg,12.348924,7.100403,-0.7398446
train\Image_5197.jpg,14.546799,4.177546,0.06670363
test\Image_483.jpg,11.291391,6.328299,-0.6170449
train\Image_4380.jpg,10.946963,1.0895,1.2956547
test\Image_2594.jpg,13.956285,7.4880276,-0.2982174
test\Image_1380.jpg,11.652553,1.5055509,1.1414282
train\Image_5660.jpg,11.398885,6.184974,1.6954358
test\Image_80.jpg,13.42619,4.142595,0.2719024
test\Image_1287.jpg,12.521929,6.0674696,1.6652637
train\Image_702.jpg,11.1813345,1.1180633,1.6616476
train\Image_4095.jpg,11.303067,1.245187,1.7868382
train\Image_1730.jpg,14.166025,6.1056128,-1.5975944
test\Image_2333.jpg,13.786594,5.4800425,-0.80207825
train\Image_6480.jpg,15.709994,4.607277,-0.16837725
train\Image_3318.jpg,10.818401,1.5881267,1.3942846
train\Image_6474.jpg,14.484574,3.6821475,-1.881762
train\Image_4154.jpg,14.540473,8.034023,-0.039906327
train\Image_2098.jpg,16.575218,4.843542,-0.18688151
train\Image_5434.jpg,14.794685,3.414266,-2.0291128
test\Image_1279.jpg,14.657023,3.8582647,-1.59259
test\Image_615.jpg,12.256773,6.0714912,2.1104753
train\Image_3124.jpg,12.519111,6.3194633,-0.8690092
train\Image_864.jpg,13.316228,5.221339,0.11865701
train\Image_6334.jpg,13.545071,6.8391395,0.37754148
test\Image_1912.jpg,12.170459,6.654037,-0.40971366
train\Image_1644.jpg,14.771107,4.4496856,0.26854697
train\Image_3181.jpg,14.366779,5.8442063,-1.7478632
train\Image_5236.jpg,11.092223,6.3973565,-0.37708268
train\Image_6051.jpg,14.366784,6.08226,-1.9102293
train\Image_4958.jpg,12.263754,6.468343,-0.4099124
train\Image_1822.jpg,14.530883,3.7091477,-1.6839088
train\Image_3739.jpg,12.927306,5.0316596,3.0673008
train\Image_1482.jpg,12.547061,6.2274256,2.9116428
train\Image_2652.jpg,14.07578,5.59493,0.11957117
train\Image_3763.jpg,14.018773,4.201123,0.9009506
test\Image_2111.jpg,16.21,4.1729584,-0.33270583
train\Image_4235.jpg,15.295035,5.203703,-0.9994199
test\Image_808.jpg,11.583316,6.356192,-0.76146656
train\Image_2470.jpg,13.506786,5.6925497,-0.46269533
train\Image_2514.jpg,12.800353,6.451106,-0.061781082
train\Image_2320.jpg,12.37921,6.043666,2.3650227
test\Image_2063.jpg,14.830883,4.1790433,-1.1833881
test\Image_1364.jpg,11.063321,1.6591332,1.451014
train\Image_1542.jpg,14.724422,5.1662188,0.13183527
test\Image_2659.jpg,12.613782,6.642988,-0.18658215
train\Image_3721.jpg,11.233522,6.2930655,1.8883753
train\Image_5729.jpg,12.844264,6.050059,0.12850504
test\Image_1086.jpg,15.886569,3.5647123,0.17469156
train\Image_5534.jpg,15.243145,4.9994802,-0.9844716
train\Image_2562.jpg,12.964461,4.3839846,0.5476001
train\Image_4673.jpg,12.522941,6.236623,2.9235654
train\Image_1513.jpg,13.20773,7.73671,-0.6558859
train\Image_3762.jpg,14.325867,3.6356955,-2.1058214
test\Image_1718.jpg,11.837761,6.3945775,-0.5370539
train\Image_644.jpg,15.878829,4.7620997,-0.35556498
test\Image_505.jpg,12.8062525,6.375443,2.5439622
train\Image_2435.jpg,12.8633995,5.1032023,3.1189556
train\Image_1001.jpg,13.236286,4.4548774,-1.4659244
train\Image_606.jpg,12.275711,5.6808953,1.9634315
train\Image_1645.jpg,14.007372,7.225866,-0.29794723
train\Image_1384.jpg,12.379515,5.655913,1.8940488
train\Image_1074.jpg,15.47315,4.6276507,0.15284109
test\Image_1677.jpg,11.107642,0.8900282,1.0721103
train\Image_3114.jpg,11.702837,5.972755,-0.4586403
train\Image_3102.jpg,14.860849,4.1810513,-1.4096497
train\Image_6319.jpg,11.89818,6.456994,1.0840749
train\Image_6181.jpg,16.494972,3.8131368,0.785416
train\Image_3652.jpg,11.290058,6.2798457,1.8276045
train\Image_4713.jpg,10.960346,0.90038294,1.1732897
train\Image_5110.jpg,16.78185,4.3076444,0.40520442
train\Image_4976.jpg,16.215288,4.4033804,-0.31925204
train\Image_5727.jpg,12.597033,7.466253,-0.92066497
test\Image_2335.jpg,12.001049,6.2630763,2.3015265
train\Image_416.jpg,12.76715,6.1790543,0.07190524
test\Image_509.jpg,16.628927,4.0461593,0.6208124
train\Image_2105.jpg,12.281879,5.855593,-0.12318909
test\Image_1911.jpg,13.85008,5.174013,0.6043169
train\Image_4215.jpg,13.018088,4.928636,2.9931638
train\Image_5599.jpg,14.4641075,7.9279985,-0.097337805
train\Image_670.jpg,11.191032,1.432089,1.7644813
train\Image_1579.jpg,15.567254,4.0611587,-0.7258715
train\Image_381.jpg,13.805773,3.5302377,-0.5058481
train\Image_3208.jpg,14.722462,6.010594,-0.99091566
test\Image_670.jpg,11.665964,5.7386365,1.5357018
test\Image_2172.jpg,13.076588,4.121389,-2.4317517
train\Image_4689.jpg,14.045268,3.7030132,-1.7141203
train\Image_6066.jpg,12.429153,5.3343277,1.4735147
train\Image_2779.jpg,11.696499,6.2129197,-0.5615447
train\Image_3590.jpg,13.001943,6.1344137,0.06816
train\Image_4575.jpg,14.558358,4.4477806,-2.0807533
train\Image_4191.jpg,11.8115835,5.0197453,0.64749545
train\Image_3236.jpg,11.050714,1.5219985,1.4777088
train\Image_6401.jpg,11.607645,5.86612,1.3876048
test\Image_1672.jpg,14.6306715,4.1983533,-1.2996534
train\Image_413.jpg,14.300428,6.1571307,-1.8905172
test\Image_1495.jpg,14.206137,5.412571,-0.70204324
train\Image_4501.jpg,10.720238,1.2142044,1.0136384
train\Image_1065.jpg,12.515526,6.120809,-0.8505989
train\Image_1852.jpg,13.293227,7.834723,-0.6750115
train\Image_6169.jpg,12.913703,5.0644784,3.131125
test\Image_1681.jpg,14.330672,6.025897,-1.8514258
train\Image_4777.jpg,15.00561,5.032552,0.43784615
test\Image_1506.jpg,10.724545,1.1471783,1.0585743
train\Image_1152.jpg,15.685479,5.114211,0.43072176
train\Image_1412.jpg,11.034936,6.3509245,-0.26889175
test\Image_1183.jpg,13.226523,4.3411446,-1.4659625
train\Image_4070.jpg,12.243887,6.5680814,-0.9797028
train\Image_1917.jpg,13.623683,4.966154,-1.2169226
train\Image_98.jpg,15.813467,3.6636655,0.049000796
test\Image_2275.jpg,12.830756,6.103359,-0.75734544
train\Image_4259.jpg,14.445328,4.327364,0.4968218
test\Image_1565.jpg,12.920643,6.319133,-0.033812523
train\Image_2645.jpg,12.324002,5.9705253,1.5238961
train\Image_1394.jpg,10.466459,1.7425188,0.7798326
test\Image_2351.jpg,14.291524,7.819219,-0.114364855
test\Image_1541.jpg,14.979666,5.111339,0.5680204
train\Image_874.jpg,12.504674,5.403421,1.9218163
train\Image_5060.jpg,10.4372,1.6687448,0.7730971
train\Image_2950.jpg,16.079636,4.6709356,0.38636768
train\Image_1720.jpg,12.845735,6.538632,-0.05400141
train\Image_4718.jpg,16.185717,4.5494685,-0.42614818
train\Image_1183.jpg,12.960539,5.6068544,0.33844784
train\Image_1383.jpg,12.474474,5.49739,2.400431
train\Image_2794.jpg,14.0124035,7.318265,-0.26438114
train\Image_4914.jpg,13.46481,4.463946,-1.6909697
train\Image_2599.jpg,14.540605,5.5166645,0.22711895
test\Image_710.jpg,12.907541,6.184473,-0.9845489
train\Image_3272.jpg,11.735613,5.753806,1.3755854
train\Image_4648.jpg,14.636771,4.2564697,-1.5271018
train\Image_6397.jpg,15.827912,4.691992,0.40296778
train\Image_5763.jpg,12.749647,7.5122724,-0.36434078
train\Image_238.jpg,11.862663,4.864027,0.7332014
train\Image_4671.jpg,11.795658,6.0609145,2.0633476
train\Image_4130.jpg,16.205822,3.8368065,-0.1346155
test\Image_439.jpg,12.780087,7.590196,-0.96424377
train\Image_1918.jpg,14.142908,4.5242653,0.9336176
train\Image_4791.jpg,14.673454,3.9774573,-0.31932527
train\Image_5659.jpg,13.133811,4.0862827,-2.4128904
train\Image_1540.jpg,14.090141,3.6585414,-1.6902714
train\Image_6296.jpg,15.192339,3.4154224,0.41737485
test\Image_811.jpg,12.449562,6.7073493,-1.0132524
train\Image_1095.jpg,12.737321,6.82401,-0.5812132
train\Image_3672.jpg,13.12314,4.5805225,0.13614215
test\Image_313.jpg,12.139385,5.1306314,0.23226625
test\Image_1356.jpg,10.472815,1.4499476,1.0115855
train\Image_1475.jpg,13.918398,7.228335,-0.3915219
test\Image_1810.jpg,16.163507,3.8370469,-0.24772672
train\Image_5845.jpg,15.326114,4.277231,-1.154188
train\Image_2964.jpg,16.6967,4.5915403,-0.22887728
test\Image_1977.jpg,16.363224,4.072211,0.18352473
train\Image_3184.jpg,14.314025,4.743722,-1.5601236
train\Image_451.jpg,14.334625,5.352377,0.18502785
train\Image_2295.jpg,13.482856,4.2167816,-0.6050854
train\Image_2206.jpg,10.482771,1.6696414,0.73780835
train\Image_5291.jpg,10.671058,1.1756852,0.9609898
train\Image_3103.jpg,13.447669,4.740508,-0.012787762
train\Image_3256.jpg,15.445438,5.354314,0.6716656
test\Image_2267.jpg,14.891089,3.8317688,-1.4266833
train\Image_1084.jpg,12.468601,5.88989,0.19965076
train\Image_2383.jpg,14.178181,3.9960997,0.6604572
train\Image_3805.jpg,12.824663,4.9108205,0.63028854
train\Image_3285.jpg,12.9559145,4.9914885,3.0349338
test\Image_2675.jpg,13.809722,7.6130257,-0.18854602
train\Image_4737.jpg,11.163923,6.3312473,-0.53643143
train\Image_313.jpg,12.083635,6.2615576,2.6126246
train\Image_2753.jpg,11.006093,1.0817811,1.260172
test\Image_108.jpg,13.520101,7.6273117,-0.32477292
test\Image_2451.jpg,14.095798,3.6826706,-1.5863293
test\Image_1278.jpg,13.0102415,5.7558603,0.7969024
train\Image_3654.jpg,15.711211,4.8615103,-0.5739866
train\Image_2373.jpg,15.043899,4.17777,-1.2786275
train\Image_3093.jpg,11.07981,6.39652,-0.3527288
test\Image_188.jpg,14.376255,4.385578,0.86082333
test\Image_927.jpg,13.5961075,5.128413,-1.2332349
train\Image_3720.jpg,16.583279,4.6503754,-0.08224792
train\Image_2174.jpg,12.622999,4.920676,1.3363705
train\Image_2491.jpg,12.328555,7.2117233,-0.7723084
train\Image_1217.jpg,11.4811535,5.895686,1.4670701
train\Image_3357.jpg,14.563913,8.025644,-0.0471931
test\Image_1389.jpg,11.669568,6.4147496,-0.67721134
test\Image_1642.jpg,13.852977,7.037937,0.17289741
test\Image_1217.jpg,16.555733,4.5494685,-0.43639073
train\Image_5900.jpg,13.403748,7.5945325,-0.44802514
train\Image_4370.jpg,14.382081,6.0668726,-1.8866287
train\Image_632.jpg,11.932588,5.672798,1.7813227
train\Image_521.jpg,14.024669,5.720661,-0.8869702
train\Image_5696.jpg,16.28392,4.4208384,-0.1332463
train\Image_1225.jpg,13.483392,4.360968,0.6555405
test\Image_120.jpg,11.810138,6.353453,-0.29152334
train\Image_541.jpg,12.623301,6.7997627,-0.3183649
train\Image_5354.jpg,13.75401,5.2705045,0.65603286
test\Image_2608.jpg,15.8139105,4.9124837,-0.34391764
test\Image_2753.jpg,14.820905,4.0299554,-1.3795689
train\Image_1647.jpg,14.143135,5.450486,-0.013737227
train\Image_1729.jpg,13.883218,4.1080084,-1.8593458
test\Image_110.jpg,14.696868,6.222401,-0.89072204
train\Image_942.jpg,11.119366,0.9739843,1.451924
test\Image_1950.jpg,14.518803,4.462944,-2.0544348
train\Image_2264.jpg,15.619046,4.618747,-0.3764933
test\Image_647.jpg,11.263898,6.290816,1.8149037
test\Image_2718.jpg,12.841613,7.652052,-0.9535804
train\Image_2134.jpg,14.08654,4.539028,-1.3422654
train\Image_4093.jpg,13.033808,5.707317,0.3751815
train\Image_1622.jpg,15.194978,4.651441,-0.8439141
train\Image_2316.jpg,12.56704,6.439599,0.47015718
test\Image_2482.jpg,15.39443,3.9040208,1.0200299
train\Image_4617.jpg,13.692451,5.428875,-1.0812055
train\Image_4800.jpg,15.02334,4.176427,-1.2969253
train\Image_4092.jpg,12.482139,6.3307886,2.9281015
test\Image_1102.jpg,13.962662,4.0743027,-1.9151664
test\Image_1904.jpg,15.724903,3.950831,-0.66394866
train\Image_3223.jpg,11.470378,6.440796,-0.5170495
train\Image_1185.jpg,12.546046,5.8140526,1.7003165
train\Image_3660.jpg,13.070811,4.159557,-2.373789
train\Image_4098.jpg,12.888827,7.571833,-0.36871266
test\Image_2400.jpg,12.439396,6.326498,2.8890793
test\Image_648.jpg,15.140179,4.720782,-0.85265815
test\Image_1341.jpg,12.571658,6.0882835,2.9008236
test\Image_220.jpg,12.592037,5.9314785,3.0393307
train\Image_1237.jpg,11.596083,5.745052,1.4751937
train\Image_622.jpg,12.242928,7.1350384,-0.57639235
train\Image_1835.jpg,12.867481,4.57534,0.3100369
test\Image_2206.jpg,14.414531,7.8898635,-0.09971187
train\Image_2056.jpg,16.187284,4.363653,0.56673944
train\Image_5399.jpg,13.264078,5.142658,-1.349964
train\Image_6037.jpg,11.743121,5.0116034,0.69774854
train\Image_1244.jpg,14.561703,8.059935,-0.039581772
test\Image_2012.jpg,14.231805,3.9997232,-1.6661477
train\Image_5448.jpg,13.573044,5.816436,-0.5863305
test\Image_787.jpg,10.389765,1.8354194,0.63949466
train\Image_2122.jpg,14.201276,5.0556626,-1.0127585
test\Image_600.jpg,12.395639,6.306599,2.86791
train\Image_5315.jpg,15.568433,4.767104,-0.41504562
test\Image_1339.jpg,16.574379,4.3374057,0.27450633
train\Image_1714.jpg,16.272623,4.20666,0.56164986
train\Image_4929.jpg,11.519645,1.6069322,1.728878
test\Image_146.jpg,11.228038,6.4299855,-0.48895094
test\Image_1765.jpg,16.425554,3.9540892,0.6445532
train\Image_6227.jpg,14.159194,7.150746,-0.099097475
train\Image_1741.jpg,16.465069,4.458713,-0.013346055
train\Image_5152.jpg,12.265018,6.3444667,-0.59165394
train\Image_4678.jpg,11.90314,4.685247,0.76498663
train\Image_1811.jpg,15.429638,4.540687,-0.55343544
train\Image_5998.jpg,15.474937,4.5423822,-0.9761452
train\Image_2534.jpg,13.759524,4.352834,0.8804703
train\Image_4442.jpg,12.717547,6.813317,-0.07408621
train\Image_2827.jpg,12.21441,7.195939,-0.5845817
test\Image_2724.jpg,13.962858,4.7133145,0.6685308
test\Image_886.jpg,16.092285,4.5117345,-0.6297344
train\Image_3312.jpg,14.425686,7.9264493,0.029765395
train\Image_5488.jpg,15.813691,3.630926,-0.32754123
test\Image_896.jpg,13.137715,6.34206,-0.8596163
train\Image_6221.jpg,12.14755,6.178621,-0.14759004
test\Image_2331.jpg,13.054613,6.931438,-0.46883968
train\Image_5421.jpg,11.46143,1.2688608,1.7487695
train\Image_1369.jpg,15.727264,4.845042,-0.63279873
train\Image_4473.jpg,14.418912,5.4865355,0.051053956
train\Image_4782.jpg,12.729054,4.682548,-0.71847904
train\Image_3437.jpg,14.740143,4.716689,-1.0329946
train\Image_2970.jpg,13.234001,4.763231,2.8630934
test\Image_1053.jpg,11.313221,6.3910217,-0.52081096
train\Image_6187.jpg,14.543254,4.074384,0.099016495
test\Image_1362.jpg,12.962454,6.2994647,0.30051392
train\Image_1087.jpg,13.363363,4.1043787,-2.2257981
train\Image_588.jpg,11.344518,6.2825856,-0.84600157
test\Image_943.jpg,13.230956,7.850345,-0.66632384
train\Image_2297.jpg,12.245717,5.9140124,2.3780396
train\Image_1108.jpg,13.057685,7.7673974,-0.7978598
train\Image_3301.jpg,11.141757,1.1752715,1.6533669
train\Image_3724.jpg,14.024236,6.7826414,0.023175728
test\Image_1224.jpg,13.974289,4.375111,0.7899835
train\Image_1400.jpg,14.886282,5.482188,-0.96166223
test\Image_1178.jpg,12.340197,6.3051615,2.7693853
test\Image_2757.jpg,13.603084,4.946072,0.66696125
test\Image_780.jpg,12.372797,5.7412214,1.6156917
train\Image_2746.jpg,11.236068,1.4869277,0.9905946
train\Image_5695.jpg,12.822649,6.0370646,-0.3246666
test\Image_1652.jpg,15.181569,3.9508777,1.0474223
train\Image_1853.jpg,12.326813,6.4962564,-0.6391631
test\Image_1065.jpg,14.327981,5.819901,-1.7360618
test\Image_912.jpg,12.167284,6.404559,-0.17682967
test\Image_570.jpg,13.391003,4.693601,-0.9422683
train\Image_2803.jpg,13.176511,7.827037,-0.73396736
train\Image_4541.jpg,16.293306,4.422315,0.66636753
train\Image_2703.jpg,14.297782,6.128193,-1.8572162
train\Image_217.jpg,14.750488,5.118247,-0.513671
train\Image_810.jpg,12.627188,6.4292097,-1.0429627
train\Image_5452.jpg,14.160524,7.312006,-0.18461578
train\Image_5258.jpg,15.71001,4.7916193,-0.6989862
train\Image_162.jpg,11.681637,5.1381526,0.7426483
train\Image_5884.jpg,15.348043,4.7571893,-0.13492449
train\Image_5713.jpg,10.635029,1.4888312,1.0982078
train\Image_5042.jpg,13.665038,7.415792,-0.6437593
train\Image_966.jpg,13.77856,3.4634578,-1.1435144
train\Image_3584.jpg,15.650471,5.2364283,0.5989008
test\Image_401.jpg,11.220721,1.5233697,1.2192913
train\Image_1634.jpg,13.705186,3.3740783,-1.0425785
train\Image_1470.jpg,16.790403,4.299123,0.44748336
train\Image_2919.jpg,11.206885,6.3244977,1.9458972
test\Image_1549.jpg,13.178846,4.4324856,-1.3760724
test\Image_2353.jpg,14.117491,3.680467,-1.7056738
train\Image_4415.jpg,14.632397,4.539854,-2.0575688
train\Image_817.jpg,12.390175,5.7472334,1.8530279
train\Image_100.jpg,13.8304405,4.321464,1.0559313
test\Image_2337.jpg,13.708882,3.606574,-0.2837056
train\Image_116.jpg,11.990635,6.1102753,1.866065
train\Image_5303.jpg,12.879649,5.0698347,0.7269203
test\Image_1344.jpg,16.622593,4.0351396,0.7339917
train\Image_6408.jpg,14.670139,4.3150935,-1.1065044
train\Image_3251.jpg,11.456259,6.2054896,1.7437528
train\Image_5414.jpg,10.533741,1.2687609,0.9249607
train\Image_1168.jpg,16.124046,3.6496277,0.03198346
train\Image_4348.jpg,16.38052,4.8442926,-0.4740522
test\Image_1280.jpg,11.694446,5.1327095,0.7132453
train\Image_5244.jpg,12.485377,6.3575387,2.5515113
test\Image_2558.jpg,16.55425,4.720538,-0.24738659
train\Image_6330.jpg,11.0354185,1.5686218,1.485947
train\Image_6060.jpg,12.309797,5.8142743,2.171023e-06
train\Image_6297.jpg,13.017544,4.95023,1.6503781
train\Image_5372.jpg,12.2832365,6.2811966,2.7808988
train\Image_2784.jpg,14.552486,3.8216105,-1.7004551
test\Image_2225.jpg,15.77023,4.9096866,-0.11395418
test\Image_472.jpg,13.1781435,7.8972607,-0.74844855
test\Image_703.jpg,14.052592,3.5811546,-1.6093624
train\Image_6190.jpg,13.138553,4.2506213,0.4847761
test\Image_98.jpg,10.9192505,1.6643732,1.5042365
train\Image_5808.jpg,13.775143,3.5433214,-1.092616
train\Image_5575.jpg,13.867032,4.040793,0.44754353
train\Image_4209.jpg,13.257589,4.024165,-2.4047952
test\Image_2426.jpg,12.35279,6.362602,-1.0651703
test\Image_2138.jpg,14.089349,7.3596582,-0.20055848
train\Image_72.jpg,13.706812,3.5732386,-0.5288408
test\Image_248.jpg,13.000233,4.8883066,2.7223868
test\Image_2322.jpg,13.140147,4.0999665,-2.3989038
test\Image_24.jpg,14.202672,4.1029572,0.84486216
train\Image_5431.jpg,15.653678,4.2140555,-0.40795738
train\Image_711.jpg,11.916822,6.5061793,-0.41928124
test\Image_842.jpg,13.130738,4.083766,-2.4285016
train\Image_675.jpg,15.100182,3.9147441,1.050816
test\Image_1137.jpg,14.003533,4.3466477,-1.5354338
train\Image_4110.jpg,14.109229,4.04663,-1.8762797
train\Image_1291.jpg,15.276867,4.6977835,-0.054227885
train\Image_5860.jpg,12.390804,6.3310695,2.8784158
train\Image_5401.jpg,14.591298,3.4651477,-2.1802175
train\Image_2888.jpg,12.734006,7.534201,-0.90016836
test\Image_1507.jpg,12.16355,6.09008,2.159333
train\Image_690.jpg,12.519441,6.2864447,-0.97138196
test\Image_622.jpg,15.324173,5.1579323,-0.8627711
train\Image_2785.jpg,13.663014,3.4156165,-1.0149791
train\Image_4187.jpg,14.874603,5.223721,-1.1096445
train\Image_2886.jpg,16.415533,4.520126,-0.426794
train\Image_865.jpg,11.3490095,6.211812,-0.71421903
train\Image_5542.jpg,13.830344,3.8518498,-2.3647683
test\Image_21.jpg,12.30521,7.154786,-0.7497805
train\Image_3782.jpg,12.690888,4.934417,1.2038547
test\Image_1119.jpg,13.826315,4.581476,-0.6504185
test\Image_1893.jpg,14.693065,4.6181097,-1.9034338
test\Image_1976.jpg,12.825828,7.6094246,-1.0091151
train\Image_999.jpg,13.925775,7.661516,-0.23771355
train\Image_1515.jpg,14.467661,5.9117002,-1.1632719
test\Image_2734.jpg,11.1795635,6.2806,-0.5568798
train\Image_1764.jpg,14.536856,5.5435624,0.2449901
train\Image_3846.jpg,15.548393,4.012514,0.29937187
train\Image_2872.jpg,15.766493,4.2801685,-0.11078332
train\Image_3883.jpg,13.3583145,5.194238,-1.3250096
test\Image_1524.jpg,12.823387,5.238039,3.1010144
train\Image_4949.jpg,13.276863,4.387471,-1.5210919
train\Image_1525.jpg,16.303892,3.7496064,0.06826381
test\Image_469.jpg,12.3886795,6.2536907,2.8505201
train\Image_3771.jpg,14.53985,8.005163,-0.041941766
train\Image_4330.jpg,11.708964,5.3115115,0.75297123
test\Image_1192.jpg,15.256944,4.088047,-0.27755684
test\Image_2043.jpg,15.805859,5.131723,0.52591926
train\Image_1828.jpg,15.436542,4.7758107,-1.0856351
test\Image_2386.jpg,12.764298,6.1031365,0.14014377
test\Image_915.jpg,12.202327,6.085448,0.078396894
test\Image_965.jpg,14.672479,4.155771,0.029844455
train\Image_2799.jpg,11.477161,6.1383758,1.6321248
train\Image_927.jpg,11.92585,4.763161,0.68955123
test\Image_2360.jpg,11.095579,1.2354146,1.683874
train\Image_3713.jpg,11.686111,6.039573,1.7886053
test\Image_916.jpg,14.853439,4.3656907,-0.005679794
train\Image_1509.jpg,11.343944,1.2428869,1.0398557
train\Image_5642.jpg,11.554234,6.387451,-0.678774
test\Image_2715.jpg,13.51095,4.40356,0.99614584
train\Image_556.jpg,13.7616825,3.9221125,-0.36595967
test\Image_460.jpg,11.681722,6.1575603,1.8204169
train\Image_687.jpg,14.629025,3.4775167,-2.1945822
test\Image_707.jpg,11.32164,0.95625407,1.7226937
train\Image_2463.jpg,10.61071,1.7053428,1.1392405
test\Image_1666.jpg,10.701457,0.9527328,1.1600798
train\Image_2916.jpg,10.736165,1.5480204,1.426521
train\Image_4344.jpg,12.481167,5.1257463,1.6007047
train\Image_4686.jpg,13.117177,5.103538,0.30240148
train\Image_43.jpg,11.340049,6.25652,1.7919837
train\Image_5955.jpg,16.810198,4.323809,0.44749686
train\Image_2111.jpg,14.258942,6.196462,-1.835034
test\Image_2046.jpg,12.597797,6.1436863,2.8367746
test\Image_673.jpg,12.91437,6.2211704,0.77347827
train\Image_596.jpg,14.536105,4.1393657,-0.024115646
train\Image_2324.jpg,14.213812,3.4083705,-1.7870514
test\Image_107.jpg,12.402633,5.8495855,0.35302183
test\Image_945.jpg,16.708488,4.269629,0.50714296
test\Image_10.jpg,15.368149,4.4713807,-0.056596685
train\Image_3741.jpg,12.985917,4.963711,2.9152098
test\Image_2249.jpg,12.886672,6.166409,0.25963196
train\Image_2380.jpg,13.0573225,4.443867,-0.65487814
train\Image_2242.jpg,14.656148,5.3952703,0.036929253
train\Image_4299.jpg,15.634837,5.274392,0.63063854
test\Image_2362.jpg,14.139619,4.200331,-1.1454213
train\Image_1162.jpg,14.262893,5.928864,-1.7080986
test\Image_1160.jpg,11.634768,6.157254,1.5927963
train\Image_4181.jpg,14.039769,4.2656646,0.95104426
train\Image_3160.jpg,16.052727,3.785234,0.17776953
test\Image_2164.jpg,14.5219,3.9943533,0.07410021
test\Image_273.jpg,10.648808,1.3239877,1.0164123
train\Image_1116.jpg,14.330847,7.7534175,-0.2767159
train\Image_6486.jpg,11.684904,5.8307137,1.0676094
train\Image_168.jpg,15.240744,4.4216056,-1.1248113
test\Image_1593.jpg,12.26041,5.963299,2.3721285
train\Image_4251.jpg,12.358094,5.5082064,1.9295104
test\Image_751.jpg,15.223638,3.5249236,0.15556948
train\Image_1906.jpg,10.563077,1.5791982,0.7204299
test\Image_95.jpg,15.99159,3.7870293,0.8475422
train\Image_5986.jpg,13.8588,4.9439955,-1.5315942
test\Image_988.jpg,12.915804,5.976679,0.48809844
train\Image_2474.jpg,14.149998,5.4404383,-0.5751568
test\Image_309.jpg,12.673492,5.9219546,-0.5691461
test\Image_2020.jpg,13.131939,4.879858,2.9760077
test\Image_2278.jpg,14.490833,3.9037507,-1.6541748
train\Image_697.jpg,14.936077,4.896759,-1.0409213
train\Image_477.jpg,15.798186,3.5109441,-0.39726567
train\Image_4424.jpg,16.516006,4.095659,0.4583155
train\Image_3064.jpg,12.287626,5.951878,-0.03972503
train\Image_5971.jpg,12.4071455,6.855719,-0.34779343
test\Image_763.jpg,14.490002,7.97119,-0.068009466
train\Image_2811.jpg,13.064318,4.3258243,0.6062421
test\Image_288.jpg,11.118033,6.437067,-0.23768826
train\Image_245.jpg,13.102443,4.6228833,1.3221931
train\Image_5781.jpg,15.250366,4.263292,-1.1767163
test\Image_864.jpg,14.313353,6.163586,-1.7916908
train\Image_4050.jpg,13.060998,6.554921,-0.94901335
train\Image_2772.jpg,14.424441,5.6265464,-1.8673661
test\Image_807.jpg,12.875127,5.043548,3.0755398
test\Image_2427.jpg,12.364577,6.3623786,2.87234
train\Image_922.jpg,12.814848,6.3884406,0.89053196
train\Image_3385.jpg,13.089782,7.5364423,-0.4146829
train\Image_940.jpg,15.795526,4.2482615,-0.009903675
train\Image_2906.jpg,12.28224,5.675362,1.8790957
test\Image_2735.jpg,12.217835,5.0873966,0.27839208
test\Image_2263.jpg,14.797985,4.9507027,-0.31766942
train\Image_5205.jpg,12.253529,7.128636,-0.47185835
test\Image_2656.jpg,11.883269,5.9382887,1.6058779
train\Image_1262.jpg,13.38765,4.3571286,-1.6575347
train\Image_391.jpg,13.127947,7.578323,-0.7912935
test\Image_1748.jpg,10.588947,1.2562647,0.96594614
test\Image_2679.jpg,13.273463,7.7768254,-0.6231216
train\Image_4481.jpg,11.280287,6.2607074,1.8186853
train\Image_2581.jpg,15.157483,3.427206,0.32288277
train\Image_6442.jpg,15.524308,4.1479855,0.19441558
train\Image_1421.jpg,14.5826645,5.5727043,0.26130703
train\Image_4236.jpg,15.956048,4.1510744,0.34871143
train\Image_262.jpg,14.883382,3.972965,1.1105905
train\Image_2218.jpg,15.527936,4.108251,-0.6492083
test\Image_982.jpg,12.615888,5.9590473,1.5108336
train\Image_6332.jpg,14.570737,4.5851364,-2.0179813
train\Image_2361.jpg,13.897928,3.334726,-1.0884861
train\Image_2590.jpg,13.902161,4.4161425,-0.5512665
train\Image_6036.jpg,11.358217,6.254796,-0.8160695
train\Image_4133.jpg,12.551289,5.0025635,0.43697503
test\Image_561.jpg,13.890157,3.4510238,-0.83014303
test\Image_516.jpg,13.622518,7.6406913,-0.25694895
test\Image_2150.jpg,12.250479,5.881222,2.0594776
test\Image_1587.jpg,16.73455,3.9467695,0.88415045
train\Image_1616.jpg,11.050872,0.9301469,1.3147734
train\Image_719.jpg,16.116844,4.4506845,-0.5832296
train\Image_3287.jpg,13.788567,5.2798705,-1.0955399
train\Image_3306.jpg,12.84335,6.136325,0.21138133
train\Image_1410.jpg,12.281349,5.9915504,-0.2936292
train\Image_1508.jpg,14.500449,5.5762763,0.2365075
train\Image_4032.jpg,14.192759,6.6015286,0.047412466
train\Image_3179.jpg,13.565219,7.7646866,-0.351809
train\Image_5976.jpg,10.92427,0.80784446,1.2016855
train\Image_3699.jpg,13.080019,4.643426,-0.004172946
train\Image_1960.jpg,11.964881,6.47243,0.23591353
train\Image_1924.jpg,14.820151,5.2819624,-1.102529
train\Image_5020.jpg,12.420244,6.088139,3.018382
train\Image_6466.jpg,11.382151,6.299531,-0.7550122
train\Image_2913.jpg,12.189861,6.346457,-0.8636477
train\Image_1345.jpg,14.461797,4.730086,-1.1703113
test\Image_2008.jpg,10.656549,1.0865045,1.0541443
train\Image_4143.jpg,14.225086,4.2867627,1.0080327
train\Image_2281.jpg,13.122754,4.373807,0.4504853
train\Image_4884.jpg,16.390688,3.9704885,-0.016925968
train\Image_4445.jpg,12.690201,4.9907246,0.6683043
train\Image_3519.jpg,16.444025,4.12516,0.30516183
train\Image_4103.jpg,13.173592,4.197938,0.6717296
train\Image_1373.jpg,15.056603,3.3621945,0.46097422
test\Image_2623.jpg,14.020052,3.6806011,-1.6143245
train\Image_2528.jpg,16.723598,4.855603,-0.27689418
train\Image_3080.jpg,12.862499,4.851067,0.9704136
train\Image_4226.jpg,11.377666,1.0336527,1.6537466
train\Image_23.jpg,12.313374,5.814266,-0.07416208
train\Image_5352.jpg,12.796163,4.9741735,0.7505943
train\Image_3549.jpg,15.53661,4.9674277,-0.94827735
train\Image_6429.jpg,11.27666,6.2818446,2.0157363
train\Image_1640.jpg,16.591024,4.3694053,-0.40441856
train\Image_4413.jpg,16.73989,4.02716,0.7792524
train\Image_4973.jpg,13.94119,3.381264,-1.1930017
train\Image_5450.jpg,14.125071,4.594814,-1.5115047
train\Image_491.jpg,13.434984,5.143127,-1.3259888
test\Image_271.jpg,15.783819,4.892896,-0.5686882
train\Image_2816.jpg,12.426214,5.83718,-0.58678484
train\Image_4041.jpg,14.381166,5.9970913,-1.8682958
train\Image_1702.jpg,11.681931,6.1421494,2.0901465
train\Image_2876.jpg,13.136416,6.5389733,0.28072187
train\Image_2162.jpg,14.14242,4.1490498,-1.203255
train\Image_4804.jpg,10.368988,1.9675475,0.56590015
train\Image_4696.jpg,16.777786,4.6096478,0.006828367
train\Image_3211.jpg,16.206316,4.295449,-0.25803986
train\Image_961.jpg,15.764492,4.382981,-0.41065443
test\Image_2359.jpg,15.336414,4.6514025,-0.05408853
train\Image_5419.jpg,11.375474,0.9857036,1.8022186
train\Image_4044.jpg,10.563705,1.5330092,0.77758443
train\Image_5554.jpg,12.457197,7.0962048,-0.94902754
train\Image_6163.jpg,16.069427,4.645284,0.39247727
train\Image_4302.jpg,14.298012,5.4195294,-0.6895452
test\Image_2127.jpg,12.758981,6.034745,0.2697637
train\Image_6059.jpg,14.648817,5.3735566,-0.09203747
test\Image_2024.jpg,14.946175,4.7113714,-0.036282446
train\Image_2292.jpg,16.491312,4.148183,-0.04866072
train\Image_5629.jpg,14.1681,7.681273,-0.118064925
train\Image_2417.jpg,15.348781,5.0339575,-0.90763116
train\Image_1611.jpg,13.339243,4.434974,-0.59214085
train\Image_3185.jpg,14.21963,5.061646,-1.8024359
test\Image_2065.jpg,16.481867,4.063776,0.51508826
train\Image_877.jpg,14.857817,3.6858537,-1.3558816
train\Image_6099.jpg,13.535002,4.7038455,-1.0961994
train\Image_2979.jpg,14.099939,7.2937713,-0.21674038
train\Image_4489.jpg,14.216926,4.328888,-1.0778229
train\Image_4637.jpg,13.204046,4.779051,1.0485302
test\Image_1223.jpg,15.050917,4.6692843,-1.0167211
train\Image_3384.jpg,16.09104,3.6942117,0.6126631
train\Image_450.jpg,16.674671,4.4443603,0.30042988
train\Image_463.jpg,14.730712,3.7244334,-1.1833501
test\Image_2714.jpg,14.958026,3.9051018,-1.3722868
train\Image_5597.jpg,12.196655,5.0114117,0.3567164
test\Image_1007.jpg,15.432129,3.927531,1.053963
train\Image_3279.jpg,14.072623,4.3227873,0.53923035
train\Image_6237.jpg,10.815369,0.9304787,1.1873221
train\Image_2690.jpg,11.399004,1.1658499,1.6573501
train\Image_4088.jpg,15.0837555,4.0892644,-1.1945839
train\Image_4288.jpg,14.113332,7.0451746,-0.11963778
test\Image_1413.jpg,13.007475,6.544713,-0.33952132
train\Image_1067.jpg,14.330393,6.153533,-1.9655029
train\Image_115.jpg,15.12067,4.630562,-0.8577729
train\Image_1305.jpg,12.743197,6.343159,0.5051952
train\Image_2436.jpg,15.464238,4.3498907,-0.010418742
train\Image_3441.jpg,15.253666,4.0587487,0.9626123
train\Image_6230.jpg,13.899846,4.9240947,-1.1705894
train\Image_4403.jpg,14.093726,3.8338284,-1.1876591
train\Image_1150.jpg,15.842528,4.9985623,0.13686506
test\Image_1508.jpg,14.813362,3.8410852,-0.86660457
test\Image_1348.jpg,14.2482195,3.7230034,-1.5263015
train\Image_832.jpg,16.47503,4.046969,0.4158539
train\Image_4794.jpg,10.760049,1.3958863,1.1192783
train\Image_5895.jpg,13.6608515,5.5612307,-1.0595857
train\Image_2049.jpg,14.601923,4.6884017,-1.0570858
train\Image_840.jpg,14.093999,4.3419776,0.71274006
train\Image_5190.jpg,14.375671,4.14843,0.9092325
train\Image_4753.jpg,12.973522,4.5389113,-0.65898997
train\Image_5083.jpg,13.102415,4.433935,-1.3287094
train\Image_2749.jpg,13.059811,4.948513,1.0877148
test\Image_2099.jpg,13.058996,4.294404,0.48389176
train\Image_248.jpg,11.055987,1.2422312,1.5791525
train\Image_103.jpg,12.317761,6.709521,-0.41992986
train\Image_627.jpg,13.808924,6.9517107,0.28141293
train\Image_5657.jpg,12.868824,5.1287,3.0897593
train\Image_1849.jpg,13.222523,4.0641923,-2.3694646
test\Image_386.jpg,11.4503145,6.0780954,1.663928
train\Image_2489.jpg,12.856412,6.5082207,-1.0609996
train\Image_4416.jpg,16.599537,4.573898,-0.3931131
test\Image_1182.jpg,13.290017,7.6920843,-0.4967447
train\Image_3444.jpg,11.212981,1.095219,1.7330117
train\Image_952.jpg,13.86087,6.7554555,-0.455062
train\Image_5234.jpg,16.677313,4.5296397,-0.31680664
train\Image_5032.jpg,14.094263,7.3648024,-0.3154469
train\Image_3971.jpg,15.818779,4.486029,0.42328995
train\Image_2396.jpg,12.893135,6.403959,-0.36750725
test\Image_2318.jpg,14.663452,3.936349,-0.2603011
test\Image_2527.jpg,14.252618,7.517873,-0.24389906
train\Image_1212.jpg,15.191864,3.5610592,0.06958143
train\Image_2754.jpg,12.267784,5.9361105,1.4099432
train\Image_4072.jpg,14.960938,5.020882,-0.77471066
test\Image_67.jpg,11.82984,4.8556914,0.76742595
test\Image_1470.jpg,10.855545,1.8645308,1.0858756
train\Image_1863.jpg,11.9715395,6.072149,1.517777
test\Image_2247.jpg,16.608597,3.996153,0.67625964
test\Image_2144.jpg,12.393447,5.7345457,0.095380686
test\Image_1665.jpg,13.702441,3.525676,-0.7320373
test\Image_1600.jpg,12.774714,6.025008,-0.49967924
train\Image_3911.jpg,12.605084,5.2779922,2.6180525
train\Image_4420.jpg,14.696041,6.209355,-0.9159073
train\Image_2090.jpg,12.722977,7.4916425,-0.25860262
train\Image_1455.jpg,12.421717,6.7066126,-0.029673183
train\Image_492.jpg,15.556073,4.817327,-0.72262573
test\Image_258.jpg,11.932536,6.26775,-0.017502844
train\Image_1310.jpg,13.659644,4.843751,0.6306885
train\Image_1783.jpg,11.318456,6.2651296,-0.8127687
test\Image_1188.jpg,10.982024,1.5797734,1.5115968
train\Image_303.jpg,15.168216,4.160638,-1.2254648
train\Image_673.jpg,12.55577,7.290797,-0.81392294
test\Image_749.jpg,12.873491,5.0931,0.532733
train\Image_532.jpg,12.426127,6.441042,2.4969854
train\Image_3903.jpg,14.598617,5.6086717,0.28724793
test\Image_698.jpg,13.735557,7.5390677,-0.5426069
test\Image_72.jpg,16.742039,3.9480588,0.8713636
test\Image_2161.jpg,15.797921,4.697996,0.41447398
train\Image_306.jpg,15.378348,4.449207,-0.709323
test\Image_1089.jpg,11.436295,6.30899,-0.8871395
train\Image_6490.jpg,15.1717005,3.983699,-0.29157412
train\Image_975.jpg,12.562662,5.988782,1.5885496
test\Image_948.jpg,11.178648,0.81422657,1.5141472
train\Image_5711.jpg,14.464191,5.968154,-1.9980229
test\Image_700.jpg,11.522984,6.3769026,-0.6086285
train\Image_5622.jpg,16.291483,4.231028,-0.3748241
train\Image_3491.jpg,11.304875,6.3578906,-0.5362203
train\Image_291.jpg,14.163271,4.291095,-0.45886254
train\Image_4455.jpg,14.83666,4.845503,-1.3295681
train\Image_571.jpg,12.99026,5.2472506,0.5475726
train\Image_4861.jpg,12.057046,4.9906063,0.47130913
test\Image_1890.jpg,12.572203,6.293664,2.8240786
train\Image_1037.jpg,14.6098385,5.361193,0.09479949
train\Image_2820.jpg,11.136703,1.1470441,1.6947888
train\Image_2846.jpg,12.370241,7.1594667,-0.7927554
train\Image_3314.jpg,12.943304,7.629551,-0.8952
train\Image_213.jpg,13.630387,4.548523,-0.5737067
train\Image_4931.jpg,12.310501,6.174733,2.0744832
train\Image_3775.jpg,14.505733,5.1816316,-1.0153365
train\Image_1137.jpg,14.792092,4.480401,-0.15577683
test\Image_2748.jpg,12.510985,6.3463283,2.989821
train\Image_3212.jpg,15.699867,4.136349,-0.20552455
train\Image_3998.jpg,15.687562,4.9453974,-0.39543593
train\Image_3350.jpg,14.64739,4.6049323,-1.9555416
train\Image_2328.jpg,13.192115,6.199748,0.41505933
train\Image_6086.jpg,12.629569,6.2199593,2.8100824
train\Image_1862.jpg,15.284572,4.5261383,-0.7877178
train\Image_1314.jpg,13.790191,5.258156,-0.93711084
train\Image_567.jpg,15.847751,4.566432,-0.5107547
train\Image_6341.jpg,14.496851,4.019798,0.05768553
test\Image_2096.jpg,11.334533,0.98941445,1.7898374
train\Image_4340.jpg,16.629383,4.03839,0.7011631
train\Image_4221.jpg,15.621555,4.510238,0.31950924
train\Image_2918.jpg,14.620177,3.4825978,-2.1441958
test\Image_1989.jpg,13.047437,5.811034,0.8395935
train\Image_5373.jpg,15.864813,4.0383697,-0.15784615
train\Image_6469.jpg,13.777698,3.3597817,-0.9128362
test\Image_1071.jpg,12.62712,6.3018036,-0.5682774
test\Image_368.jpg,12.046961,6.477064,0.5949717
test\Image_2202.jpg,14.240533,4.0214086,0.72259843
train\Image_4295.jpg,10.697675,1.5100219,1.2255411
train\Image_1878.jpg,10.733203,1.5629121,1.3151406
train\Image_5108.jpg,14.791263,3.883744,-0.99755085
test\Image_437.jpg,13.042803,6.1985183,-0.8673592
train\Image_5252.jpg,13.227273,4.2296376,0.6106075
train\Image_1981.jpg,14.358895,3.3112588,-1.9070469
train\Image_432.jpg,11.139146,6.375616,-0.45481995
train\Image_3662.jpg,12.13093,6.432606,0.41138178
test\Image_523.jpg,14.64111,3.5790381,-2.0794017
test\Image_1398.jpg,13.078698,4.397322,0.74201584
train\Image_3791.jpg,15.06621,4.6110353,0.20161726
train\Image_1838.jpg,13.037436,4.8482823,2.9317887
train\Image_18.jpg,12.223126,6.494438,-1.0734268
train\Image_3747.jpg,14.512265,8.051668,-0.006279369
test\Image_1743.jpg,10.785997,1.02313,1.1395607
train\Image_478.jpg,13.193866,7.6258388,-0.42992052
train\Image_3069.jpg,13.847368,4.2034845,0.45623955
train\Image_5018.jpg,15.459663,4.3322577,-0.6075937
train\Image_2419.jpg,14.333082,6.2899475,-1.5053982
test\Image_1797.jpg,11.162175,6.3056583,1.9527037
train\Image_3707.jpg,14.734643,4.6667395,-1.0275456
train\Image_1335.jpg,13.769833,3.346348,-1.0262511
train\Image_3101.jpg,11.924856,6.3179207,-0.6489878
train\Image_188.jpg,11.678624,4.953556,0.77253455
test\Image_19.jpg,12.657731,5.3709974,0.27760655
test\Image_76.jpg,14.2854805,3.9981325,-1.7051144
test\Image_1241.jpg,12.996611,4.353044,0.5922482
train\Image_6378.jpg,14.569856,4.787754,-1.9826938
test\Image_143.jpg,14.202798,7.0749683,-0.000458652
train\Image_3245.jpg,13.06056,4.2890286,0.5329544
train\Image_1799.jpg,13.677395,7.412781,-0.16271307
test\Image_2412.jpg,11.84579,4.9699354,0.66082895
test\Image_544.jpg,15.682941,5.1396337,0.47696584
train\Image_4338.jpg,15.862536,3.570204,-0.33066794
train\Image_3959.jpg,14.152502,4.258343,-1.5522947
train\Image_6406.jpg,12.880502,5.1075635,3.1114395
train\Image_6008.jpg,10.832743,0.86255616,1.1467834
train\Image_1758.jpg,14.397567,4.079722,-0.9889577
train\Image_2139.jpg,14.249128,4.3798766,0.10483793
test\Image_2248.jpg,13.128177,4.8262277,2.5896583
train\Image_3513.jpg,12.679205,7.516625,-0.9626543
train\Image_5069.jpg,12.942519,6.0329604,-0.9254347
train\Image_3412.jpg,14.324551,4.643968,-1.3581728
train\Image_4745.jpg,15.136775,5.0188847,-0.7364548
test\Image_723.jpg,14.400622,4.2068744,0.9664082
train\Image_1584.jpg,14.56295,3.5198379,-2.0978541
test\Image_2029.jpg,14.979783,4.9794164,0.42397976
test\Image_1164.jpg,13.642834,5.3206,-1.1411692
test\Image_1440.jpg,16.559711,4.6037626,-0.427039
train\Image_1808.jpg,12.953783,4.4481316,-0.98531556
train\Image_5391.jpg,13.325983,5.7101483,-0.95080507
train\Image_3434.jpg,13.042099,5.3301177,1.3666253
train\Image_287.jpg,15.620094,4.5484695,-0.21741869
test\Image_414.jpg,16.284023,4.5994005,-0.4056862
train\Image_648.jpg,16.478378,3.8598845,0.5115732
test\Image_443.jpg,12.060359,6.3606772,-0.84452605
train\Image_4921.jpg,14.163211,3.809063,-1.840065
train\Image_1713.jpg,15.528857,5.3456407,0.6643246
test\Image_1580.jpg,12.940128,6.588295,0.09566883
train\Image_2099.jpg,12.487277,6.3556437,2.7434814
train\Image_1165.jpg,13.349441,4.5455637,1.379789
train\Image_4599.jpg,13.114618,4.2084656,0.67558926
train\Image_6373.jpg,12.493431,6.553768,0.056601774
train\Image_187.jpg,13.388668,7.782549,-0.6117186
test\Image_314.jpg,16.416698,4.663858,-0.2797412
train\Image_1956.jpg,14.436309,3.8028471,-1.8670521
test\Image_2027.jpg,12.130531,6.0491886,1.6604286
test\Image_1127.jpg,10.6851845,1.0705657,1.019696
train\Image_2268.jpg,12.837725,5.117834,0.5573392
train\Image_3334.jpg,14.326687,4.034247,-1.1825075
train\Image_6116.jpg,12.643922,6.336401,2.6788893
test\Image_1027.jpg,11.084836,1.0170038,1.5920671
train\Image_1441.jpg,14.259983,4.0567474,-1.6829642
train\Image_183.jpg,14.415327,5.333809,-1.2146573
test\Image_2165.jpg,15.233456,3.4286454,0.41937375
test\Image_2286.jpg,12.292846,6.177827,1.967111
train\Image_5285.jpg,13.017899,4.3425856,0.62576854
test\Image_2321.jpg,11.076684,1.3631338,1.6828021
test\Image_62.jpg,16.803383,4.438791,0.30633244
test\Image_1020.jpg,15.741925,4.8523827,-0.86927485
test\Image_2653.jpg,12.244226,5.006062,0.3184995
train\Image_4166.jpg,13.765709,3.585065,-0.40309194
train\Image_2834.jpg,15.172648,5.3996663,0.7332584
train\Image_3910.jpg,12.633181,6.116659,1.6615838
test\Image_1676.jpg,12.012007,5.678882,1.7658588
test\Image_1999.jpg,15.6209345,5.2762647,0.63637495
test\Image_624.jpg,14.130038,7.415363,-0.24526563
test\Image_246.jpg,12.576182,6.361336,2.7498116
train\Image_4456.jpg,16.547367,3.880599,0.8060353
test\Image_1823.jpg,13.108047,5.9319158,0.8596502
test\Image_1656.jpg,12.402119,6.273321,2.637795
test\Image_1369.jpg,12.433527,5.8702755,-0.18635666
train\Image_290.jpg,13.6134,4.4071736,0.9750075
train\Image_320.jpg,12.359355,4.755748,1.0568719
train\Image_461.jpg,10.422182,1.3569233,0.8661794
test\Image_1061.jpg,15.9636135,4.824255,0.6046348
train\Image_3504.jpg,16.601547,4.259467,0.56414354
test\Image_2502.jpg,13.039673,4.124899,-2.4288466
train\Image_2353.jpg,11.070831,1.0825824,1.6279074
train\Image_135.jpg,12.709612,6.25248,-0.9106124
train\Image_6094.jpg,13.098633,4.1419215,-2.3831685
test\Image_1818.jpg,11.634396,6.4275675,1.2430614
train\Image_1760.jpg,14.676757,3.801998,-1.6900426
train\Image_736.jpg,15.676512,4.1477757,-0.50579774
train\Image_1898.jpg,12.298185,7.2256064,-0.74583536
train\Image_1417.jpg,14.55212,3.523428,-2.1570182
test\Image_1768.jpg,12.893152,6.7238145,-0.84755474
train\Image_2874.jpg,11.045334,6.4212193,-0.38713807
train\Image_2937.jpg,12.964021,6.056154,-0.890607
train\Image_2677.jpg,10.956967,1.189568,1.4526107
train\Image_6282.jpg,10.613911,1.5473965,0.59575087
train\Image_1624.jpg,11.376852,6.2387743,-0.6341242
train\Image_335.jpg,12.862868,7.308856,-0.71406484
train\Image_618.jpg,10.758946,1.4280627,1.329952
train\Image_97.jpg,15.65656,5.1957564,0.630513
test\Image_383.jpg,14.266734,4.195643,-0.82145995
test\Image_207.jpg,13.204032,6.206427,-0.8455653
train\Image_1473.jpg,15.5339575,4.9587464,-0.4092203
train\Image_443.jpg,16.521332,4.0114937,0.22466
train\Image_2064.jpg,14.559999,4.2916517,0.93981886
train\Image_3290.jpg,10.644023,1.9999576,0.93424463
test\Image_618.jpg,12.548826,6.477711,-0.98768264
train\Image_5157.jpg,12.419563,6.163723,1.4804546
train\Image_1017.jpg,13.832177,3.3778386,-1.133476
train\Image_3130.jpg,15.39828,4.727008,0.35157135
train\Image_2227.jpg,11.000769,1.5665399,1.5103662
train\Image_4874.jpg,13.133185,6.3135986,0.41707218
test\Image_319.jpg,14.396365,3.789668,-0.63658047
train\Image_1613.jpg,12.237599,4.954099,0.3888559
train\Image_3862.jpg,11.213091,1.3172661,1.7246493
train\Image_5583.jpg,15.506429,4.2471466,-0.30022904
train\Image_4240.jpg,12.678569,5.766176,1.9681308
train\Image_277.jpg,11.776247,5.561455,-0.19179302
train\Image_4899.jpg,13.641091,3.4884362,-1.0305732
test\Image_289.jpg,12.8444605,5.1109805,3.0937912
train\Image_2121.jpg,14.962853,4.350504,-1.0719169
train\Image_1667.jpg,12.960611,4.4711485,-0.70433754
train\Image_1526.jpg,12.900931,5.056063,3.07402
train\Image_815.jpg,14.646731,4.036972,-0.7066303
train\Image_511.jpg,12.048581,6.188846,0.62686515
test\Image_2220.jpg,11.342764,0.9639518,1.7956085
test\Image_209.jpg,11.951403,6.162888,2.1709037
train\Image_5355.jpg,13.765079,7.6413574,-0.16122892
train\Image_617.jpg,11.827085,5.650082,1.1655874
train\Image_5340.jpg,14.175572,4.4299545,0.54825133
train\Image_557.jpg,13.19604,7.6717463,-0.4677063
train\Image_6437.jpg,11.4125185,6.2198167,1.7533113
train\Image_3983.jpg,15.68638,4.721698,-0.26669103
test\Image_1670.jpg,10.745506,1.516836,1.3524759
train\Image_2504.jpg,15.28901,4.8667283,-0.2454796
test\Image_224.jpg,12.866683,6.1922174,0.73373836
test\Image_816.jpg,13.892742,7.392192,-0.24298127
test\Image_147.jpg,12.423449,7.224344,-0.89246714
train\Image_4273.jpg,11.078378,6.3701715,-0.48920262
test\Image_485.jpg,10.714689,1.5210453,1.2816195
train\Image_1759.jpg,11.390584,6.2126555,1.7600499
train\Image_6204.jpg,11.752857,6.464605,-0.53060406
train\Image_4202.jpg,14.559207,8.054069,-0.01758861
train\Image_3948.jpg,13.086969,5.790136,-0.861324
train\Image_4551.jpg,13.613445,4.661449,-1.0865655
train\Image_3190.jpg,13.447726,5.090022,-1.2576311
test\Image_1207.jpg,15.809113,4.8823366,-0.4346872
train\Image_1663.jpg,13.378534,7.757944,-0.53021765
test\Image_2600.jpg,16.424555,4.019977,-0.16931537
train\Image_4971.jpg,13.78108,3.3221097,-0.98545945
train\Image_4748.jpg,16.6029,3.9613903,0.693994
test\Image_2320.jpg,14.293047,4.527159,-1.415932
train\Image_762.jpg,13.65734,7.317897,-0.5083041
train\Image_5046.jpg,14.550798,4.094706,0.9291241
train\Image_753.jpg,13.6793165,7.315739,-0.009296373
test\Image_1010.jpg,13.349628,7.8514686,-0.66692024
train\Image_3405.jpg,12.95779,6.6993446,-0.8703385
train\Image_4980.jpg,12.532431,6.2578707,1.6545868
train\Image_1081.jpg,12.689758,6.3501816,0.32451564
train\Image_1032.jpg,12.5288,5.2067595,1.7096537
train\Image_988.jpg,12.61221,7.486671,-0.9811374
train\Image_1160.jpg,15.2817335,4.187242,-1.1097755
test\Image_12.jpg,15.660831,4.0453444,-0.37649304
train\Image_90.jpg,14.295288,4.376807,-1.7065785
test\Image_1966.jpg,14.467563,3.9608445,-1.0102601
train\Image_5726.jpg,14.813823,3.9332986,-0.8420783
train\Image_3095.jpg,14.147604,5.4986005,0.046890855
train\Image_6131.jpg,12.201785,5.840374,1.8600168
train\Image_3029.jpg,12.735332,6.4244475,0.35222694
train\Image_2394.jpg,12.82689,6.481988,-0.017416561
train\Image_4684.jpg,11.334872,6.1906176,1.9823363
train\Image_4490.jpg,10.872813,1.1261817,1.3731307
train\Image_4417.jpg,14.7166605,3.9569209,-0.89105016
train\Image_6336.jpg,12.486068,6.297712,2.854888
train\Image_5183.jpg,14.474485,5.400288,-1.278107
train\Image_4468.jpg,10.477212,1.6870567,0.70854604
train\Image_1261.jpg,15.447891,4.060652,-0.77085495
train\Image_1495.jpg,12.80864,6.3222375,0.542975
test\Image_253.jpg,13.901956,4.381663,-1.0477638
test\Image_1801.jpg,14.291546,5.8925242,-1.237916
test\Image_251.jpg,15.174181,4.591531,0.07631956
test\Image_2108.jpg,14.27767,6.0862284,-1.93637
train\Image_6129.jpg,10.88123,1.3918535,0.80381787
train\Image_1238.jpg,12.7325945,6.646294,-0.11253004
train\Image_5225.jpg,12.2309265,6.131543,1.8556147
train\Image_6084.jpg,14.470176,3.9861207,0.88291395
test\Image_129.jpg,12.652532,5.804034,3.042334
train\Image_470.jpg,14.283503,5.525224,0.15193473
train\Image_6323.jpg,16.64628,4.638175,-0.31697443
train\Image_1460.jpg,15.470268,3.4996188,0.3727809
train\Image_645.jpg,14.759338,5.005857,-0.44861838
train\Image_3034.jpg,12.7153015,7.5092664,-0.29455432
train\Image_1158.jpg,16.620941,3.8335013,0.85796016
train\Image_5963.jpg,16.194006,3.9156277,-0.37492627
train\Image_1251.jpg,13.929973,5.3001714,-0.28249863
train\Image_2431.jpg,14.643808,3.4037206,-2.2045374
train\Image_5501.jpg,13.681271,3.4306977,-1.0213819
test\Image_1868.jpg,10.481937,1.40815,0.96807975
train\Image_6241.jpg,13.065735,5.762209,0.31398344
